Id,First Name,Last Name,Mobile,Email,Joining Date,Active Status
101,John,Doe,9876543210,john.doe@example.com,2020-05-12,true
102,Jane,Smith,9123456789,jane.smith@example.com,2019-11-03,false
103,Alice,Johnson,8765432109,alice.j@example.com,2021-01-20,true
104,Bob,Brown,9988776655,bob.brown@example.com,2023-08-14,true
105,Rahul,Mehta,9812345670,rahul.mehta@example.com,2022-06-30,true
107,Amit,Shah,8999988877,amit.shah@example.com,2020-01-10,true
108,Sneha,Patel,9090909090,sneha.patel@example.com,2021-12-01,true
109,Karan,Singh,9822223344,karan.singh@example.com,2023-02-15,false
110,Neha,Agarwal,9933445566,neha.agarwal@example.com,2017-07-18,true
111,Vikram,Verma,9876543201,vikram.verma@example.com,2020-03-25,true
112,Pooja,Reddy,9765432198,pooja.reddy@example.com,2019-05-10,false
113,Arjun,Chopra,9123409876,arjun.chopra@example.com,2022-08-05,true
114,Divya,Joshi,9988011223,divya.joshi@example.com,2016-12-31,false
115,Siddharth,Gupta,9911223344,siddharth.gupta@example.com,2018-04-09,true
116,Anjali,Mishra,9098123456,anjali.mishra@example.com,2021-09-29,true
117,Ravi,Naik,9810981098,ravi.naik@example.com,2020-06-17,false
118,Meera,Sharma,9123987654,meera.sharma@example.com,2017-11-11,true
119,Nikhil,Desai,9876109876,nikhil.desai@example.com,2023-01-22,true
120,Tanya,Kapoor,9765987654,tanya.kapoor@example.com,2024-03-07,true
121,jegan,shibu,8076862483,jegan@ldldd.com,2022-10-20,true
